original,fixed
 AN GIANG,An Giang
 An Giang,An Giang
 AN GIANG,An Giang
AN GIANG,An Giang
An Giang,An Giang
An Giang,An Giang
AN GIANG,An Giang
�An Giang,An Giang
�AN GIANG,An Giang
 BÀ RỊA - VŨNG TÀU,Ba Ria - Vung Tau
 Bà Rịa - Vũng Tàu,Ba Ria - Vung Tau
 BÀ RỊA - VŨNG TÀU,Ba Ria - Vung Tau
 B� R<U+1ECA>A - VUNG T�U,Ba Ria - Vung Tau
Bà Rịa - Vũng Tàu,Ba Ria - Vung Tau
BÀ RỊA - VŨNG TÀU,Ba Ria - Vung Tau
Bà Rịa – Vũng Tàu,Ba Ria - Vung Tau
Ba Ria Vung Tau,Ba Ria - Vung Tau
B� R<U+1ECA>A - VUNG T�U,Ba Ria - Vung Tau
B� R<U+1ECB>a - Vung T�u,Ba Ria - Vung Tau
�B� R<U+1ECA>A - VUNG T�U,Ba Ria - Vung Tau
�B� R<U+1ECB>a - Vung T�u,Ba Ria - Vung Tau
 B<U+1EAE>C GIANG,Bac Giang
 BẮC GIANG,Bac Giang
 Bắc Giang,Bac Giang
 BẮC GIANG,Bac Giang
B<U+1EAE>C GIANG,Bac Giang
B<U+1EAF>c Giang,Bac Giang
Bắc Giang,Bac Giang
BẮC GIANG,Bac Giang
�B<U+1EAE>C GIANG,Bac Giang
�B<U+1EAF>c Giang,Bac Giang
 B<U+1EAE>C K<U+1EA0>N,Bac Kan
 BẮC CẠN,Bac Kan
 BẮC KẠN,Bac Kan
 Bắc Kạn,Bac Kan
B<U+1EAE>C C<U+1EA0>N,Bac Kan
B<U+1EAE>C K<U+1EA0>N,Bac Kan
B<U+1EAF>c C<U+1EA1>n,Bac Kan
B<U+1EAF>c K<U+1EA1>n,Bac Kan
Bắc Cạn,Bac Kan
BẮC CẠN,Bac Kan
Bắc Kạn,Bac Kan
BẮC KẠN,Bac Kan
�B<U+1EAE>C C<U+1EA0>N,Bac Kan
�B<U+1EAF>c K<U+1EA1>n,Bac Kan
 B<U+1EA0>C LI�U,Bac Lieu
 BẠC LIÊU,Bac Lieu
 Bạc Liêu,Bac Lieu
 BẠC LIÊU,Bac Lieu
B<U+1EA0>C LI�U,Bac Lieu
B<U+1EA1>c Li�u,Bac Lieu
Bạc Liêu,Bac Lieu
BẠC LIÊU,Bac Lieu
�B<U+1EA0>C LI�U,Bac Lieu
�B<U+1EA1>c Li�u,Bac Lieu
 B<U+1EAE>C NINH,Bac Ninh
 BẮC NINH,Bac Ninh
 Bắc Ninh,Bac Ninh
 BẮC NINH,Bac Ninh
B<U+1EAE>C NINH,Bac Ninh
B<U+1EAF>c Ninh,Bac Ninh
Bắc Ninh,Bac Ninh
BẮC NINH,Bac Ninh
�B<U+1EAE>C NINH,Bac Ninh
�B<U+1EAF>c Ninh,Bac Ninh
 B<U+1EBE>N TRE,Ben Tre
 BẾN TRE,Ben Tre
 Bến Tre,Ben Tre
 BẾN TRE,Ben Tre
B<U+1EBE>N TRE,Ben Tre
B<U+1EBF>n Tre,Ben Tre
Bến Tre,Ben Tre
BẾN TRE,Ben Tre
�B<U+1EBE>N TRE,Ben Tre
�B<U+1EBF>n Tre,Ben Tre
 BÌNH ĐỊNH,Binh Dinh
 Bình Định,Binh Dinh
 BÌNH ĐỊNH,Binh Dinh
 B�NH �<U+1ECA>NH,Binh Dinh
Bình Định,Binh Dinh
BÌNH ĐỊNH,Binh Dinh
B�NH �<U+1ECA>NH,Binh Dinh
B�nh �<U+1ECB>nh,Binh Dinh
�B�NH �<U+1ECA>NH,Binh Dinh
�B�nh �<U+1ECB>nh,Binh Dinh
 BÌNH DƯƠNG,Binh Duong
 Bình Dương,Binh Duong
 BÌNH DƯƠNG,Binh Duong
 B�NH DUONG,Binh Duong
Bình Dương,Binh Duong
BÌNH DƯƠNG,Binh Duong
B�NH DUONG,Binh Duong
B�nh Duong,Binh Duong
�B�nh Duong,Binh Duong
�B�NH DUONG,Binh Duong
 BÌNH PHƯỚC,Binh Phuoc
 Bình Phước,Binh Phuoc
 BÌNH PHƯỚC,Binh Phuoc
 B�NH PHU<U+1EDA>C,Binh Phuoc
Bình Phước,Binh Phuoc
BÌNH PHƯỚC,Binh Phuoc
B�NH PHU<U+1EDA>C,Binh Phuoc
B�nh Phu<U+1EDB>c,Binh Phuoc
�B�NH PHU<U+1EDA>C,Binh Phuoc
�B�nh Phu<U+1EDB>c,Binh Phuoc
 BÌNH THUẬN,Binh Thuan
 Bình Thuận,Binh Thuan
 BÌNH THUẬN,Binh Thuan
 B�NH THU<U+1EAC>N,Binh Thuan
Bình Thuận,Binh Thuan
BÌNH THUẬN,Binh Thuan
B�NH THU<U+1EAC>N,Binh Thuan
B�nh Thu<U+1EAD>n,Binh Thuan
�B�NH THU<U+1EAC>N,Binh Thuan
�B�nh Thu<U+1EAD>n,Binh Thuan
 CÀ MAU,Ca Mau
 Cà Mau,Ca Mau
 CÀ MAU,Ca Mau
 C� MAU,Ca Mau
Cà Mau,Ca Mau
CÀ MAU,Ca Mau
C� MAU,Ca Mau
C� Mau,Ca Mau
�C� Mau,Ca Mau
�C� MAU,Ca Mau
 C<U+1EA6>N THO,Can Tho
 CẦN THƠ,Can Tho
 Cần Thơ,Can Tho
 CẦN THƠ,Can Tho
C<U+1EA6>N THO,Can Tho
C<U+1EA7>n Tho,Can Tho
Cần Thơ,Can Tho
CẦN THƠ,Can Tho
TP Can Tho,Can Tho
�C<U+1EA6>N THO,Can Tho
�C<U+1EA7>n Tho,Can Tho
 CAO B<U+1EB0>NG,Cao Bang
 CAO BẰNG,Cao Bang
 Cao Bằng,Cao Bang
 CAO BẰNG,Cao Bang
CAO B<U+1EB0>NG,Cao Bang
Cao B<U+1EB1>ng,Cao Bang
Cao Bằng,Cao Bang
CAO BẰNG,Cao Bang
�CAO B<U+1EB0>NG,Cao Bang
�Cao B<U+1EB1>ng,Cao Bang
 ĐÀ NẴNG,Da Nang
 Đà Nẵng,Da Nang
 ĐÀ NẴNG,Da Nang
 �� N<U+1EB4>NG,Da Nang
Đà Nẵng,Da Nang
ĐÀ NẴNG,Da Nang
TP Da Nang,Da Nang
�� N<U+1EB4>NG,Da Nang
�� N<U+1EB5>ng,Da Nang
��� N<U+1EB4>NG,Da Nang
��� N<U+1EB5>ng,Da Nang
 ĐĂK LĂK,Dak Lak
 ĐẮK LẮK,Dak Lak
 Đắk Lắk,Dak Lak
 �<U+1EAE>K L<U+1EAE>K,Dak Lak
Dac Lak,Dak Lak
ĐĂK LĂK,Dak Lak
Đắk Lắk,Dak Lak
ĐẮK LẮK,Dak Lak
�<U+1EAE>K L<U+1EAE>K,Dak Lak
�<U+1EAF>k L<U+1EAF>k,Dak Lak
�AK LAK,Dak Lak
��<U+1EAF>k L<U+1EAF>k,Dak Lak
��AK LAK,Dak Lak
 ĐẮC NÔNG,Dak Nong
 ĐẮK NÔNG,Dak Nong
 Đắk Nông,Dak Nong
 �<U+1EAE>K N�NG,Dak Nong
ĐẮC NÔNG,Dak Nong
Đắk Nông,Dak Nong
ĐẮK NÔNG,Dak Nong
�<U+1EAE>C N�NG,Dak Nong
�<U+1EAE>K N�NG,Dak Nong
�<U+1EAF>k N�ng,Dak Nong
��<U+1EAE>C N�NG,Dak Nong
��<U+1EAF>k N�ng,Dak Nong
 Điện Biên,Dien Bien
 ĐIỆN BIÊN,Dien Bien
Điện Biên,Dien Bien
ĐIỆN BIÊN,Dien Bien
�I<U+1EC6>N BI�N,Dien Bien
�i<U+1EC7>n Bi�n,Dien Bien
��I<U+1EC6>N BI�N,Dien Bien
��i<U+1EC7>n Bi�n,Dien Bien
 ĐỒNG NAI,Dong Nai
 Đồng Nai,Dong Nai
 ĐỒNG NAI,Dong Nai
 �<U+1ED2>NG NAI,Dong Nai
Đồng Nai,Dong Nai
ĐỒNG NAI,Dong Nai
�<U+1ED2>NG NAI,Dong Nai
�<U+1ED3>ng Nai,Dong Nai
��<U+1ED2>NG NAI,Dong Nai
��<U+1ED3>ng Nai,Dong Nai
 ĐỒNG THÁP,Dong Thap
 Đồng Tháp,Dong Thap
 ĐỒNG THÁP,Dong Thap
 �<U+1ED2>NG TH�P,Dong Thap
Đồng Tháp,Dong Thap
ĐỒNG THÁP,Dong Thap
�<U+1ED2>NG TH�P,Dong Thap
�<U+1ED3>ng Th�p,Dong Thap
��<U+1ED2>NG TH�P,Dong Thap
��<U+1ED3>ng Th�p,Dong Thap
 GIA LAI,Gia Lai
 Gia Lai,Gia Lai
 GIA LAI,Gia Lai
GIA LAI,Gia Lai
Gia Lai,Gia Lai
Gia Lai,Gia Lai
GIA LAI,Gia Lai
�Gia Lai,Gia Lai
�GIA LAI,Gia Lai
Hà Bắc (cũ),Ha Bac
Hà Bắc,Ha Bac
 HÀ GIANG,Ha Giang
 Hà Giang,Ha Giang
 HÀ GIANG,Ha Giang
 H� GIANG,Ha Giang
Hà Giang,Ha Giang
HÀ GIANG,Ha Giang
H� GIANG,Ha Giang
H� Giang,Ha Giang
�H� Giang,Ha Giang
�H� GIANG,Ha Giang
 HÀ NAM,Ha Nam
 Hà Nam,Ha Nam
 HÀ NAM,Ha Nam
 H� NAM,Ha Nam
H NAM,Ha Nam
Hà Nam,Ha Nam
HÀ NAM,Ha Nam
HÀ NAM,Ha Nam
H� NAM,Ha Nam
H� Nam,Ha Nam
�H� Nam,Ha Nam
�H� NAM,Ha Nam
 HÀ NỘI,Ha Noi
 Hà Nội,Ha Noi
 HÀ NỘI,Ha Noi
 H� N<U+1ED8>I,Ha Noi
Hà Nội,Ha Noi
HÀ NỘI,Ha Noi
H� N<U+1ED8>I,Ha Noi
H� N<U+1ED9>i,Ha Noi
TP Ha Noi,Ha Noi
�H� N<U+1ED8>I,Ha Noi
�H� N<U+1ED9>i,Ha Noi
 Hà Tây,Ha Tay
HÀ TÂY,Ha Tay
H� T�Y,Ha Tay
�H� T�y,Ha Tay
Hà Tây,Ha Tay
 HÀ TĨNH,Ha Tinh
 Hà Tĩnh,Ha Tinh
 HÀ TĨNH,Ha Tinh
 H� TINH,Ha Tinh
Hà Tĩnh,Ha Tinh
HÀ TĨNH,Ha Tinh
H� TINH,Ha Tinh
H� Tinh,Ha Tinh
�H� Tinh,Ha Tinh
�H� TINH,Ha Tinh
 H<U+1EA2>I DUONG,Hai Duong
 HẢI DƯƠNG,Hai Duong
 Hải Dương,Hai Duong
 HẢI DƯƠNG,Hai Duong
H<U+1EA2>I DUONG,Hai Duong
H<U+1EA3>i Duong,Hai Duong
Hải Dương,Hai Duong
HẢI DƯƠNG,Hai Duong
�H<U+1EA2>I DUONG,Hai Duong
�H<U+1EA3>i Duong,Hai Duong
 H<U+1EA2>I PH�NG,Hai Phong
 HẢI PHÒNG,Hai Phong
 Hải Phòng,Hai Phong
 HẢI PHÒNG,Hai Phong
H<U+1EA2>I PH�NG,Hai Phong
H<U+1EA3>i Ph�ng,Hai Phong
Hải Phòng,Hai Phong
HẢI PHÒNG,Hai Phong
TP Hai Phong,Hai Phong
�H<U+1EA2>I PH�NG,Hai Phong
�H<U+1EA3>i Ph�ng,Hai Phong
 Hậu Giang,Hau Giang
 HẬU GIANG,Hau Giang
H<U+1EAC>U GIANG,Hau Giang
H<U+1EAD>u Giang,Hau Giang
Hậu Giang,Hau Giang
HẬU GIANG,Hau Giang
�H<U+1EAC>U GIANG,Hau Giang
�H<U+1EAD>u Giang,Hau Giang
 Tp. Hồ Chí Minh,Ho Chi Minh City
 TP. HỒ CHÍ MINH,Ho Chi Minh City
H<U+1ED2> CH� MINH,Ho Chi Minh City
H<U+1ED3> Ch� Minh,Ho Chi Minh City
Ho Chi Minh,Ho Chi Minh City
Hồ Chí Minh,Ho Chi Minh City
HỒ CHÍ MINH,Ho Chi Minh City
TP Ho Chi Minh,Ho Chi Minh City
TP. H<U+1ED2> CH� MINH,Ho Chi Minh City
Tp. H<U+1ED3> Ch� Minh,Ho Chi Minh City
Tp. Hồ Chí Minh,Ho Chi Minh City
TP. HỒ CHÍ MINH,Ho Chi Minh City
�TP. H<U+1ED2> CH� MINH,Ho Chi Minh City
�Tp. H<U+1ED3> Ch� Minh,Ho Chi Minh City
TP. Hồ Chí Minh,Ho Chi Minh City
 HÒA BÌNH,Hoa Binh
 Hòa Bình,Hoa Binh
 HÒA BÌNH,Hoa Binh
 H�A B�NH,Hoa Binh
Hòa Bình,Hoa Binh
HÒA BÌNH,Hoa Binh
H�A B�NH,Hoa Binh
H�a B�nh,Hoa Binh
�H�a B�nh,Hoa Binh
�H�A B�NH,Hoa Binh
Hoà Bình,Hoa Binh
 HƯNG YÊN,Hung Yen
 Hưng Yên,Hung Yen
 HƯNG YÊN,Hung Yen
 HUNG Y�N,Hung Yen
Hưng Yên,Hung Yen
HƯNG YÊN,Hung Yen
HUNG Y�N,Hung Yen
Hung Y�n,Hung Yen
�Hung Y�n,Hung Yen
�HUNG Y�N,Hung Yen
 KHÁNH HÒA,Khanh Hoa
 Khánh Hòa,Khanh Hoa
 KHÁNH HÒA,Khanh Hoa
 KH�NH H�A,Khanh Hoa
Khánh Hòa,Khanh Hoa
KHÁNH HÒA,Khanh Hoa
KH�NH H�A,Khanh Hoa
Kh�nh H�a,Khanh Hoa
�Kh�nh H�a,Khanh Hoa
�KH�NH H�A,Khanh Hoa
Khánh Hoà,Khanh Hoa
 KIÊN GIANG,Kien Giang
 Kiên Giang,Kien Giang
 KIÊN GIANG,Kien Giang
 KI�N GIANG,Kien Giang
Kiên Giang,Kien Giang
KIÊN GIANG,Kien Giang
KI�N GIANG,Kien Giang
Ki�n Giang,Kien Giang
�Ki�n Giang,Kien Giang
�KI�N GIANG,Kien Giang
 KON TUM,Kon Tum
 Kon Tum,Kon Tum
 KON TUM,Kon Tum
KON TUM,Kon Tum
Kon Tum,Kon Tum
Kon Tum,Kon Tum
KON TUM,Kon Tum
�Kon Tum,Kon Tum
�KON TUM,Kon Tum
 LAI CHÂU,Lai Chau
 Lai Châu,Lai Chau
 LAI CHÂU,Lai Chau
 LAI CH�U,Lai Chau
Lai Châu,Lai Chau
LAI CHÂU,Lai Chau
LAI CH�U,Lai Chau
Lai Ch�u,Lai Chau
�Lai Ch�u,Lai Chau
�LAI CH�U,Lai Chau
 LÂM ĐỒNG,Lam Dong
 Lâm Đồng,Lam Dong
 LÂM ĐỒNG,Lam Dong
 L�M �<U+1ED2>NG,Lam Dong
Lâm Đồng,Lam Dong
LÂM ĐỒNG,Lam Dong
L�M �<U+1ED2>NG,Lam Dong
L�m �<U+1ED3>ng,Lam Dong
�L�M �<U+1ED2>NG,Lam Dong
�L�m �<U+1ED3>ng,Lam Dong
 L<U+1EA0>NG SON,Lang Son
 LẠNG SƠN,Lang Son
 Lạng Sơn,Lang Son
 LẠNG SƠN,Lang Son
L<U+1EA0>NG SON,Lang Son
L<U+1EA1>ng Son,Lang Son
Lạng Sơn,Lang Son
LẠNG SƠN,Lang Son
�L<U+1EA0>NG SON,Lang Son
�L<U+1EA1>ng Son,Lang Son
 LAO CAI,Lao Cai
 LÀO CAI,Lao Cai
 Lào Cai,Lao Cai
 L�O CAI,Lao Cai
LAO CAI,Lao Cai
Lao Cai,Lao Cai
LAO CAI,Lao Cai
Lào Cai,Lao Cai
LàO CAI,Lao Cai
LÀO CAI,Lao Cai
L�O CAI,Lao Cai
L�O CAI,Lao Cai
L�o Cai,Lao Cai
�LAO CAI,Lao Cai
�L�o Cai,Lao Cai
 LONG AN,Long An
 Long An,Long An
 LONG AN,Long An
LONG AN,Long An
Long An,Long An
Long An,Long An
LONG AN,Long An
�Long An,Long An
�LONG AN,Long An
 NAM ĐỊNH,Nam Dinh
 Nam Định,Nam Dinh
 NAM ĐỊNH,Nam Dinh
 NAM �<U+1ECA>NH,Nam Dinh
Nam Định,Nam Dinh
NAM ĐỊNH,Nam Dinh
NAM ĐỊNH,Nam Dinh
NAM �<U+1ECA>NH,Nam Dinh
Nam �<U+1ECB>nh,Nam Dinh
NAM��<U+1ECA>NH,Nam Dinh
�NAM �<U+1ECA>NH,Nam Dinh
�Nam �<U+1ECB>nh,Nam Dinh
 NGH<U+1EC6> AN,Nghe An
 NGHỆ AN,Nghe An
 Nghệ An,Nghe An
 NGHỆ AN,Nghe An
NGH<U+1EC6> AN,Nghe An
Ngh<U+1EC7> An,Nghe An
Nghệ An,Nghe An
NGHỆ AN,Nghe An
�NGH<U+1EC6> AN,Nghe An
�Ngh<U+1EC7> An,Nghe An
 NINH BÌNH,Ninh Binh
 Ninh Bình,Ninh Binh
 NINH BÌNH,Ninh Binh
 NINH B�NH,Ninh Binh
Ninh Bình,Ninh Binh
NINH BÌNH,Ninh Binh
NINH B�NH,Ninh Binh
Ninh B�nh,Ninh Binh
�Ninh B�nh,Ninh Binh
�NINH B�NH,Ninh Binh
 NINH THU<U+1EAC>N,Ninh Thuan
 NINH THUẬN,Ninh Thuan
 Ninh Thuận,Ninh Thuan
 NINH THUẬN,Ninh Thuan
NINH THU<U+1EAC>N,Ninh Thuan
Ninh Thu<U+1EAD>n,Ninh Thuan
Ninh Thuận,Ninh Thuan
NINH THUẬN,Ninh Thuan
�NINH THU<U+1EAC>N,Ninh Thuan
�Ninh Thu<U+1EAD>n,Ninh Thuan
 PHÚ THỌ,Phu Tho
 Phú Thọ,Phu Tho
 PHÚ THỌ,Phu Tho
 PH� TH<U+1ECC>,Phu Tho
Phú Thọ,Phu Tho
PHÚ THỌ,Phu Tho
PH� TH<U+1ECC>,Phu Tho
Ph� Th<U+1ECD>,Phu Tho
�PH� TH<U+1ECC>,Phu Tho
�Ph� Th<U+1ECD>,Phu Tho
 PHÚ YÊN,Phu Yen
 Phú Yên,Phu Yen
 PHÚ YÊN,Phu Yen
 PH� Y�N,Phu Yen
Phú Yên,Phu Yen
PHÚ YÊN,Phu Yen
PH� Y�N,Phu Yen
Ph� Y�n,Phu Yen
�Ph� Y�n,Phu Yen
�PH� Y�N,Phu Yen
 QU<U+1EA2>NG B�NH,Quang Binh
 QUẢNG BÌNH,Quang Binh
 Quảng Bình,Quang Binh
 QUẢNG BÌNH,Quang Binh
QU<U+1EA2>NG B�NH,Quang Binh
Qu<U+1EA3>ng B�nh,Quang Binh
Quảng Bình,Quang Binh
QUẢNG BÌNH,Quang Binh
�QU<U+1EA2>NG B�NH,Quang Binh
�Qu<U+1EA3>ng B�nh,Quang Binh
 QU<U+1EA2>NG NAM,Quang Nam
 QUẢNG NAM,Quang Nam
 Quảng Nam,Quang Nam
 QUẢNG NAM,Quang Nam
QU<U+1EA2>NG NAM,Quang Nam
QU<U+1EA2>NG�NAM,Quang Nam
Qu<U+1EA3>ng Nam,Quang Nam
Quảng Nam,Quang Nam
QUẢNG NAM,Quang Nam
QUẢNG NAM,Quang Nam
�QU<U+1EA2>NG NAM,Quang Nam
�Qu<U+1EA3>ng Nam,Quang Nam
 QU<U+1EA2>NG NG�I,Quang Ngai
 QUẢNG NGÃI,Quang Ngai
 Quảng Ngãi,Quang Ngai
 QUẢNG NGÃI,Quang Ngai
QU<U+1EA2>NG NG�I,Quang Ngai
Qu<U+1EA3>ng Ng�i,Quang Ngai
Quảng Ngãi,Quang Ngai
QUẢNG NGÃI,Quang Ngai
�QU<U+1EA2>NG NG�I,Quang Ngai
�Qu<U+1EA3>ng Ng�i,Quang Ngai
 QU<U+1EA2>NG NINH,Quang Ninh
 QUẢNG NINH,Quang Ninh
 Quảng Ninh,Quang Ninh
 QUẢNG NINH,Quang Ninh
QU<U+1EA2>NG NINH,Quang Ninh
Qu<U+1EA3>ng Ninh,Quang Ninh
Quảng Ninh,Quang Ninh
QUẢNG NINH,Quang Ninh
�QU<U+1EA2>NG NINH,Quang Ninh
�Qu<U+1EA3>ng Ninh,Quang Ninh
 QU<U+1EA2>NG TR<U+1ECA>,Quang Tri
 QUẢNG TRỊ,Quang Tri
 Quảng Trị,Quang Tri
 QUẢNG TRỊ,Quang Tri
QU<U+1EA2>NG TR<U+1ECA>,Quang Tri
Qu<U+1EA3>ng Tr<U+1ECB>,Quang Tri
Quảng Trị,Quang Tri
QUẢNG TRỊ,Quang Tri
�QU<U+1EA2>NG TR<U+1ECA>,Quang Tri
�Qu<U+1EA3>ng Tr<U+1ECB>,Quang Tri
  SÓC TRĂNG,Soc Trang
  Sóc Trăng,Soc Trang
 Sóc Trăng,Soc Trang
 SÓC TRĂNG,Soc Trang
 SÓC TRĂNG,Soc Trang
 S�C TRANG,Soc Trang
 S�c Trang,Soc Trang
� S�C TRANG,Soc Trang
�S�C TRANG,Soc Trang
��S�c Trang,Soc Trang
Sóc Trăng,Soc Trang
 SON LA,Son La
 SƠN LA,Son La
 Sơn La,Son La
 SƠN LA,Son La
SON LA,Son La
Son La,Son La
Sơn La,Son La
SƠN LA,Son La
�Son La,Son La
�SON LA,Son La
 TÂY NINH,Tay Ninh
 Tây Ninh,Tay Ninh
 TÂY NINH,Tay Ninh
 T�Y NINH,Tay Ninh
Tây Ninh,Tay Ninh
TÂY NINH,Tay Ninh
T�Y NINH,Tay Ninh
T�y Ninh,Tay Ninh
�T�y Ninh,Tay Ninh
�T�Y NINH,Tay Ninh
 THÁI BÌNH,Thai Binh
 Thái Bình,Thai Binh
 THÁI BÌNH,Thai Binh
 TH�I B�NH,Thai Binh
Thái Bình,Thai Binh
THÁI BÌNH,Thai Binh
TH�I B�NH,Thai Binh
Th�i B�nh,Thai Binh
�Th�i B�nh,Thai Binh
�TH�I B�NH,Thai Binh
 THÁI NGUYÊN,Thai Nguyen
 Thái Nguyên,Thai Nguyen
 THÁI NGUYÊN,Thai Nguyen
 TH�I NGUY�N,Thai Nguyen
Thái Nguyên,Thai Nguyen
THÁI NGUYÊN,Thai Nguyen
TH�I NGUY�N,Thai Nguyen
Th�i Nguy�n,Thai Nguyen
�Th�i Nguy�n,Thai Nguyen
�TH�I NGUY�N,Thai Nguyen
 THANH HÓA,Thanh Hoa
 Thanh Hóa,Thanh Hoa
 THANH HÓA,Thanh Hoa
 THANH H�A,Thanh Hoa
Thanh Hóa,Thanh Hoa
THANH HÓA,Thanh Hoa
THANH H�A,Thanh Hoa
Thanh H�a,Thanh Hoa
�Thanh H�a,Thanh Hoa
�THANH H�A,Thanh Hoa
Thanh Hoá,Thanh Hoa
 TH<U+1EEA>A THI�N - HU<U+1EBE>,Thua Thien - Hue
TH<U+1EEA>A THI�N - HU<U+1EBE>,Thua Thien - Hue
Th<U+1EEB>a Thi�n - Hu<U+1EBF>,Thua Thien - Hue
Thua Thien Hue,Thua Thien - Hue
�TH<U+1EEA>A THI�N - HU<U+1EBE>,Thua Thien - Hue
�Th<U+1EEB>a Thi�n - Hu<U+1EBF>,Thua Thien - Hue
 THỪA THIÊN - HUẾ,Thua Thien – Hue
 Thừa Thiên - Huế,Thua Thien – Hue
 THỪA THIÊN - HUẾ,Thua Thien – Hue
Thừa Thiên - Huế,Thua Thien – Hue
THỪA THIÊN - HUẾ,Thua Thien – Hue
 TI<U+1EC0>N GIANG,Tien Giang
 TIỀN GIANG,Tien Giang
 Tiền Giang,Tien Giang
 TIỀN GIANG,Tien Giang
TI<U+1EC0>N GIANG,Tien Giang
Ti<U+1EC1>n Giang,Tien Giang
Tiền Giang,Tien Giang
TIỀN GIANG,Tien Giang
�TI<U+1EC0>N GIANG,Tien Giang
�Ti<U+1EC1>n Giang,Tien Giang
 TRÀ VINH,Tra Vinh
 Trà Vinh,Tra Vinh
 TRÀ VINH,Tra Vinh
 TR� VINH,Tra Vinh
Trà Vinh,Tra Vinh
TRÀ VINH,Tra Vinh
TR� VINH,Tra Vinh
Tr� Vinh,Tra Vinh
�Tr� Vinh,Tra Vinh
�TR� VINH,Tra Vinh
 TUYÊN QUANG,Tuyen Quang
 Tuyên Quang,Tuyen Quang
 TUYÊN QUANG,Tuyen Quang
 TUY�N QUANG,Tuyen Quang
Tuyên Quang,Tuyen Quang
TUYÊN QUANG,Tuyen Quang
TUY�N QUANG,Tuyen Quang
Tuy�n Quang,Tuyen Quang
�Tuy�n Quang,Tuyen Quang
�TUY�N QUANG,Tuyen Quang
 VINH LONG,Vinh Long
 VĨNH LONG,Vinh Long
 Vĩnh Long,Vinh Long
 VĨNH LONG,Vinh Long
VINH LONG,Vinh Long
Vinh Long,Vinh Long
Vĩnh Long,Vinh Long
VĨNH LONG,Vinh Long
�Vinh Long,Vinh Long
�VINH LONG,Vinh Long
 VĨNH PHÚC,Vinh Phuc
 Vĩnh Phúc,Vinh Phuc
 VĨNH PHÚC,Vinh Phuc
 VINH PH�C,Vinh Phuc
Vĩnh Phúc,Vinh Phuc
VĨNH PHÚC,Vinh Phuc
VINH PH�C,Vinh Phuc
Vinh Ph�c,Vinh Phuc
�Vinh Ph�c,Vinh Phuc
�VINH PH�C,Vinh Phuc
 YÊN BÁI,Yen Bai
 Yên Bái,Yen Bai
 YÊN BÁI,Yen Bai
 Y�N B�I,Yen Bai
Yên Bái,Yen Bai
YÊN BÁI,Yen Bai
Y�N B�I,Yen Bai
Y�n B�i,Yen Bai
�Y�n B�i,Yen Bai
�Y�N B�I,Yen Bai
